{
  "experiment_title": "ProtoNet_CWRU_STFT_5w5s5q_source012_target3_labels0123456789",
  "algorithm": "protonet",
  "best_training_record": {
    "iteration": 54,
    "meta_train_acc": 1.0,
    "meta_train_loss": 0.001057868757094127,
    "meta_test_acc": 0.9987999993562698,
    "meta_test_loss": 0.010969723711514234
  },
  "meta_eval_before_prune": {
    "loss": 0.01584859594187037,
    "accuracy": 0.9967999982833863
  },
  "meta_eval_after_recovery": {
    "loss": 0.008100537171285395,
    "accuracy": 0.9975999987125397
  },
  "deployment_float_metrics": {
    "loss": 0.0031349975615739822,
    "accuracy": 0.9989461898803711
  },
  "deployment_int8_metrics": {
    "loss": 0.0033536902628839016,
    "accuracy": 0.9989462592202318,
    "avg_latency_ms": 0.920412096305818
  },
  "qat_float_metrics": null,
  "prune_metadata": {
    "kept_channels": [
      38,
      38,
      38,
      38
    ],
    "last_indices": 