{
  "experiment_title": "MAML_CWRU_STFT_5w5s_source012_target3_labels0123456789",
  "algorithm": "maml",
  "best_training_record": {
    "iteration": 64,
    "meta_train_acc": 1.0,
    "meta_train_loss": 0.07970203988952562,
    "meta_test_acc": 0.994799997806549,
    "meta_test_loss": 0.1029098017886281
  },
  "meta_eval_before_prune": {
    "loss": 0.12664831314235925,
    "accuracy": 0.985599993467331
  },
  "meta_eval_after_recovery": {
    "loss": 0.17130967054516077,
    "accuracy": 0.9867999941110611
  },
  "deployment_float_metrics": {
    "loss": 0.0624360553920269,
    "accuracy": 0.9989461898803711
  },
  "deployment_int8_metrics": {
    "loss": 0.06334184855222702,
    "accuracy": 0.9989462592202318,
    "avg_latency_ms": 1.8503952327844844
  },
  "qat_float_metrics": null,
  "prune_metadata": {
    "kept_channels": [
      38,
      38,
      38,
      38
    ]
  },
  "float_model_path": "./deploy_artifacts/MAML_CWRU_STFT_5w5s_source012_target3_labels0123456789/MAML_CWRU_STFT_5w5s_source012_target3_labels0123456789_float.onnx",
  "int8_model_path": "./deploy_artifacts/MAML_CWRU_STFT_5w5s_source012_target3_labels0123456789/MAML_CWRU_STFT_5w5s_source012_target3_labels0123456789_int8.onnx",
  "prototype_path": null,
  "quantization_warning": null,
  "model_profile": {
    "baseline_params": 113738,
    "pruned_params": 40860
  }
}